{
  "teams": [
    {
      "id": 1,
      "title": "Menu Gold",
      "image": "path/to/image1.jpg",
      "description": "Description of Menu Gold",
      "mark": 0,
      "approved": true,
      "reservations": []
    },
    {
      "id": "d8a0",
      "name": "azeazh",
      "projectName": "ezjaopeja",
      "level": "eza",
      "projectDescription": "zaeaz",
      "participants": [
        {
          "fullname": "azeaz",
          "email": "ezaea@zae.za"
        }
      ]
    },
    {
      "id": "3f8d",
      "name": "azeazh",
      "projectName": "ezjaopeja",
      "level": "eza",
      "projectDescription": "zaeaz",
      "participants": [
        {
          "fullname": "azeaz",
          "email": "ezaea@zae.za"
        }
      ]
    },
    {
      "id": "f71c",
      "name": "azeazh",
      "projectName": "ezjaopeja",
      "level": "eza",
      "projectDescription": "zaeaz",
      "participants": [
        {
          "fullname": "azeaz",
          "email": "ezaea@zae.za"
        }
      ]
    },
    {
      "id": "bb99",
      "name": "zaeaz",
      "projectName": "ezaeaz",
      "level": "5",
      "projectDescription": "eazea",
      "participants": [
        {
          "fullname": "ezaea",
          "email": "ezaeaz@ezae.eza"
        },
        {
          "fullname": "azeaze",
          "email": "ezaeaz@azeaz.eza"
        }
      ]
    },
    {
      "id": "c2f5",
      "name": "zaeaz",
      "projectName": "ezaea",
      "level": "ezaeaz",
      "projectDescription": "ezaeaz",
      "participants": [
        {
          "fullname": "ezaea",
          "email": "ezaeaz@eza.eza"
        }
      ]
    },
    {
      "id": "c392",
      "name": "zaeaz",
      "projectName": "ezaeza",
      "level": "eaze",
      "projectDescription": "ezaeaz",
      "participants": [
        {
          "fullname": "ezaea",
          "email": "ezaeaz@zae.eza"
        }
      ]
    },
    {
      "id": "ca54",
      "name": "zaeaz",
      "projectName": "ezaeza",
      "level": "eaze",
      "projectDescription": "ezaeaz",
      "participants": [
        {
          "fullname": "ezaea",
          "email": "ezaeaz@zae.eza"
        }
      ]
    },
    {
      "id": "9f28",
      "name": "zaeaz",
      "projectName": "ezae",
      "level": "eaze",
      "projectDescription": "zadaz",
      "participants": [
        {
          "fullname": "zaddaz@zad.dza",
          "email": "dzadadaz.dza@az.daz"
        }
      ]
    },
    {
      "id": "3aa7",
      "name": "zpaieh",
      "projectName": "ezaeaz",
      "level": "5",
      "projectDescription": "zeaeaz",
      "participants": [
        {
          "fullname": "ezaea",
          "email": "ezaeaz@zae.eza"
        }
      ]
    }
  ],
  "participants": [
    {
      "id": 0,
      "fullname": "",
      "email": ""
    },
    {
      "id": "472b",
      "fullname": "zaddaz@zad.dza",
      "email": "dzadadaz.dza@az.daz"
    },
    {
      "id": "80ec",
      "fullname": "ezaea",
      "email": "ezaeaz@zae.eza"
    }
  ]
}